method,seed,scope,inputs,L1_ClaimAcc_pct,L1_PairAcc_pct,L2_ClaimAcc_pct,L2_PairAcc_pct,L3_ClaimAcc_pct,L3_PairAcc_pct,L4_ClaimAcc_pct,L4_PairAcc_pct,Overall_ClaimAcc_pct,Overall_PairAcc_pct
Base · Qwen3.5-9B,base,held-out test; label_rescore_v3,5608,53.22933771209634,38.91444342226311,92.64069264069265,87.87878787878788,48.5655737704918,39.91228070175439,62.5968992248062,31.555555555555554,56.52639087018545,44.49463579898362
Answer-SFT · Natural,20260922,held-out test; label_rescore_v3,5608,54.26929392446633,88.9604415823367,93.72294372294373,90.04329004329004,45.28688524590164,96.05263157894737,76.16279069767442,52.0,57.97075606276747,85.31902879728966
Answer-SFT · Natural,20260923,held-out test; label_rescore_v3,5608,54.35139573070607,89.0524379024839,96.32034632034632,95.67099567099568,45.1844262295082,96.05263157894737,79.26356589147287,56.00000000000001,58.50570613409415,86.61773009599096
Answer-SFT · Balanced,20260922,held-out test; label_rescore_v3,5608,52.87356321839081,84.08463661453543,97.18614718614718,96.53679653679653,45.1844262295082,95.6140350877193,80.23255813953489,61.33333333333333,57.70328102710414,84.30265386787126
Answer-SFT · Balanced,20260923,held-out test; label_rescore_v3,5608,52.818828680897646,83.71665133394664,97.83549783549783,96.96969696969697,45.1844262295082,96.05263157894737,81.3953488372093,62.66666666666667,57.828102710413695,84.35911914172783
CoT-SFT · Partial,20260922,held-out test; label_rescore_v3,5608,41.37931034482759,47.83808647654094,93.72294372294373,89.6103896103896,29.200819672131146,47.80701754385965,57.17054263565892,30.22222222222222,45.02496433666191,51.0446075663467
CoT-SFT · Partial,20260923,held-out test; label_rescore_v3,5608,43.04871373836891,52.43790248390064,94.8051948051948,90.9090909090909,28.99590163934426,48.24561403508772,49.6124031007752,22.666666666666664,45.47075606276748,53.13382269904009
PSS-L4,20260922,held-out test; label_rescore_v3,5608,52.87356321839081,84.82060717571296,97.18614718614718,95.67099567099568,45.28688524590164,96.05263157894737,80.03875968992247,62.22222222222222,57.70328102710414,84.81084133258047
PSS-L4,20260923,held-out test; label_rescore_v3,5608,52.95566502463054,85.00459981600737,96.53679653679653,95.23809523809523,44.77459016393443,95.17543859649122,79.84496124031007,59.111111111111114,57.596291012838805,84.35911914172783
Full PSS,20260922,held-out test; label_rescore_v3,5608,52.463054187192114,83.44066237350506,96.1038961038961,94.8051948051948,45.38934426229508,96.05263157894737,81.78294573643412,63.55555555555556,57.52496433666191,84.02032749858836
Full PSS,20260923,held-out test; label_rescore_v3,5608,49.75369458128079,74.24103035878565,96.1038961038961,93.93939393939394,44.77459016393443,94.2982456140351,72.86821705426357,49.77777777777778,54.83238231098431,76.28458498023716
Full PSS · L4-preserved,20260922,held-out test; label_rescore_v3,5608,53.5303776683087,86.93652253909843,96.1038961038961,94.8051948051948,45.28688524590164,96.05263157894737,82.36434108527132,68.44444444444444,58.256062767475036,86.7871259175607
Full PSS · L4-preserved,20260923,held-out test; label_rescore_v3,5608,53.58511220580186,86.10855565777369,96.96969696969697,96.53679653679653,45.1844262295082,95.6140350877193,81.78294573643412,63.55555555555556,58.29172610556348,85.82721626199887
