model,level,n,pairs,claim_accuracy_original,claim_accuracy_v2,claim_accuracy_v3,pair_accuracy_original,pair_accuracy_v2,pair_accuracy_v3,macro_f1_original,macro_f1_v2,macro_f1_v3,unknown_f1_original,unknown_f1_v2,unknown_f1_v3
base_qwen35_9b,L1,3654,1087,0.5320197044334976,0.5322933771209634,0.5322933771209634,0.38822447102115915,0.3891444342226311,0.3891444342226311,0.5304817912187283,0.530702284633097,0.530702284633097,0.5437086092715232,0.5437086092715232,0.5437086092715232
base_qwen35_9b,L2,462,231,0.9264069264069265,0.9264069264069265,0.9264069264069265,0.8787878787878788,0.8787878787878788,0.8787878787878788,0.9273575333972155,0.9273575333972155,0.9273575333972155,,,
base_qwen35_9b,L3,976,228,0.48565573770491804,0.48565573770491804,0.48565573770491804,0.3991228070175439,0.3991228070175439,0.3991228070175439,0.47723183311565287,0.47723183311565287,0.47723183311565287,0.6013422818791946,0.6013422818791946,0.6013422818791946
base_qwen35_9b,L4,516,225,0.625968992248062,0.625968992248062,0.625968992248062,0.31555555555555553,0.31555555555555553,0.31555555555555553,0.6238205069015663,0.6234448797383563,0.6234448797383563,0.7037037037037037,0.7037037037037037,0.7037037037037037
base_qwen35_9b,Overall,5608,1771,0.5650855920114123,0.5652639087018545,0.5652639087018545,0.44438170525127046,0.4449463579898362,0.4449463579898362,0.5647024658280453,0.5647741648458499,0.5647741648458499,0.5591120289106867,0.5591120289106867,0.5591120289106867
answer_natural__seed_20260922,L1,3654,1087,0.0,0.39874110563765736,0.5426929392446633,0.0,0.5087396504139834,0.889604415823367,0.0,0.40104211657550054,0.45506892764105283,0.0,0.0,0.0
answer_natural__seed_20260922,L2,462,231,0.0,0.79004329004329,0.9372294372294372,0.0,0.6883116883116883,0.9004329004329005,0.0,0.868084116655983,0.9485344926868593,,,
answer_natural__seed_20260922,L3,976,228,0.0,0.14549180327868852,0.45286885245901637,0.0,0.09210526315789473,0.9605263157894737,0.0,0.20674568191465048,0.41226559360337367,0.0,0.0,0.0
answer_natural__seed_20260922,L4,516,225,0.0,0.7461240310077519,0.7616279069767442,0.0,0.49777777777777776,0.52,0.0,0.7969910471094969,0.8047422770145536,0.0,0.9180327868852459,0.9180327868852459
answer_natural__seed_20260922,Overall,5608,1771,0.0,0.41886590584878747,0.5797075606276747,0.0,0.4771315640880858,0.8531902879728966,0.0,0.431553180634445,0.48855553632036613,0.0,0.0527803958529689,0.0527803958529689
answer_natural__seed_20260923,L1,3654,1087,0.0,0.4608648056923919,0.5435139573070608,0.0,0.6577736890524379,0.890524379024839,0.0,0.43663725059401753,0.4544823396787143,0.0,0.0,0.0
answer_natural__seed_20260923,L2,462,231,0.0,0.6103896103896104,0.9632034632034632,0.0,0.5108225108225108,0.9567099567099567,0.0,0.744353655981563,0.9632019115890084,,,
answer_natural__seed_20260923,L3,976,228,0.0010245901639344263,0.08299180327868852,0.45184426229508196,0.0,0.08333333333333333,0.9605263157894737,0.0029112081513828236,0.16061516590740202,0.4106117353308365,0.0,0.0,0.0
answer_natural__seed_20260923,L4,516,225,0.005813953488372093,0.7403100775193798,0.7926356589147286,0.0,0.5155555555555555,0.56,0.015798201972593174,0.7855926464307407,0.8378877941124484,0.029850746268656716,0.8717948717948718,1.0
answer_natural__seed_20260923,Overall,5608,1771,0.0007132667617689016,0.43313124108416545,0.5850570613409415,0.0,0.546583850931677,0.8661773009599096,0.001450136296641062,0.44303414856512807,0.49255410155529294,0.0009675858732462506,0.048181388757675955,0.06191369606003752
answer_balanced__seed_20260922,L1,3654,1087,0.0,0.5005473453749316,0.5287356321839081,0.0,0.765409383624655,0.8408463661453542,0.0,0.44129536865581737,0.4427239598588781,0.0,0.0,0.0
answer_balanced__seed_20260922,L2,462,231,0.0,0.9372294372294372,0.9718614718614719,0.0,0.9004329004329005,0.9653679653679653,0.0,0.954588779956427,0.9718602853327711,,,
answer_balanced__seed_20260922,L3,976,228,0.0010245901639344263,0.3411885245901639,0.45184426229508196,0.0,0.5175438596491229,0.956140350877193,0.002812939521800281,0.3473017029537317,0.4108507764496459,0.0,0.0,0.0
answer_balanced__seed_20260922,L4,516,225,0.0,0.5271317829457365,0.8023255813953488,0.0,0.2222222222222222,0.6133333333333333,0.0,0.636640945261635,0.8488859039190898,0.0,0.7307692307692307,1.0
answer_balanced__seed_20260922,Overall,5608,1771,0.0001783166904422254,0.5112339514978602,0.5770328102710414,0.0,0.6821005081874647,0.8430265386787126,0.0003745318352059925,0.4575980776280608,0.4863572363487949,0.0,0.03612167300380228,0.06191369606003752
answer_balanced__seed_20260923,L1,3654,1087,0.0002736726874657909,0.5142309797482211,0.5281882868089764,0.0,0.7985280588776449,0.8371665133394665,0.0006066120715802245,0.4377295085144451,0.4421048029413311,0.0,0.0,0.0
answer_balanced__seed_20260923,L2,462,231,0.030303030303030304,0.9675324675324676,0.9783549783549783,0.0,0.948051948051948,0.9696969696969697,0.056910569105691054,0.9727832512315271,0.9783533556984088,,,
answer_balanced__seed_20260923,L3,976,228,0.05737704918032787,0.4323770491803279,0.45184426229508196,0.02631578947368421,0.881578947368421,0.9605263157894737,0.12149792361232965,0.40061573646479304,0.4106325426550146,0.0,0.0,0.0
answer_balanced__seed_20260923,L4,516,225,0.011627906976744186,0.7189922480620154,0.813953488372093,0.0044444444444444444,0.5511111111111111,0.6266666666666667,0.017442606130563035,0.7548009301789954,0.8577328143215633,0.0,0.7547169811320755,1.0
answer_balanced__seed_20260923,Overall,5608,1771,0.013730385164051355,0.556169757489301,0.578281027104137,0.003952569169960474,0.7972896668548842,0.8435911914172783,0.02731758490214865,0.4726073573384024,0.4872433035587474,0.0,0.03798670465337132,0.06191369606003752
cot_partial__seed_20260922,L1,3654,1087,0.21811713191023535,0.22140120415982484,0.41379310344827586,0.17755289788408463,0.18215271389144433,0.47838086476540936,0.26038740778223096,0.2619140827542761,0.345372121055651,0.002699055330634278,0.002699055330634278,0.002699055330634278
cot_partial__seed_20260922,L2,462,231,0.22294372294372294,0.22510822510822512,0.9372294372294372,0.08658008658008658,0.08658008658008658,0.8961038961038961,0.35322487762741145,0.3553156759719293,0.9372267903577202,,,
cot_partial__seed_20260922,L3,976,228,0.25,0.2612704918032787,0.29200819672131145,0.3508771929824561,0.39035087719298245,0.4780701754385965,0.2564278028195554,0.261911404276111,0.27181166090270414,0.0,0.0,0.0
cot_partial__seed_20260922,L4,516,225,0.1937984496124031,0.20155038759689922,0.5717054263565892,0.04,0.04888888888888889,0.3022222222222222,0.31924183893046837,0.3267615918218328,0.5381280517048307,0.40963855421686746,0.40963855421686746,0.5168539325842697
cot_partial__seed_20260922,Overall,5608,1771,0.22182596291012838,0.2268188302425107,0.4502496433666191,0.17052512704686618,0.1795595708639187,0.510446075663467,0.2565009058504784,0.2593605610589182,0.3734397454673686,0.018225419664268584,0.018225419664268584,0.02391200382592061
cot_partial__seed_20260923,L1,3654,1087,0.18281335522714834,0.18856048166392994,0.4304871373836891,0.09383624655013799,0.09475620975160993,0.5243790248390064,0.23489331310089054,0.23888565666538544,0.3599201311224651,0.0013504388926401081,0.0013504388926401081,0.0013504388926401081
cot_partial__seed_20260923,L2,462,231,0.5086580086580087,0.5194805194805194,0.948051948051948,0.1645021645021645,0.17316017316017315,0.9090909090909091,0.6004037467700258,0.6094934247597279,0.948051948051948,,,
cot_partial__seed_20260923,L3,976,228,0.21721311475409835,0.22950819672131148,0.2899590163934426,0.21929824561403508,0.24561403508771928,0.4824561403508772,0.22423865159931047,0.22946979759249517,0.2635472016104492,0.0,0.0,0.0
cot_partial__seed_20260923,L4,516,225,0.2596899224806202,0.2771317829457364,0.49612403100775193,0.07555555555555556,0.10222222222222223,0.22666666666666666,0.2511904761904762,0.262045397967728,0.33865795940957605,0.0,0.0,0.029850746268656716
cot_partial__seed_20260923,Overall,5608,1771,0.2227175463623395,0.23109843081312412,0.45470756062767476,0.11688311688311688,0.12535290796160362,0.5313382269904009,0.2582097637443482,0.2632355410278978,0.37164767049420483,0.0009675858732462506,0.0009675858732462506,0.0019342359767891683
pss_l4__seed_20260922,L1,3654,1087,0.0038314176245210726,0.48576902025177887,0.5287356321839081,0.0,0.7092916283348666,0.8482060717571297,0.008446455505279034,0.4314077604726101,0.4423064313825013,0.0,0.0,0.0
pss_l4__seed_20260922,L2,462,231,0.023809523809523808,0.8982683982683982,0.9718614718614719,0.004329004329004329,0.8181818181818182,0.9567099567099567,0.045462608202071805,0.9319705127815127,0.9718613400298908,,,
pss_l4__seed_20260922,L3,976,228,0.010245901639344262,0.45286885245901637,0.45286885245901637,0.0,0.9605263157894737,0.9605263157894737,0.027434842249657063,0.4156096655261134,0.41159700762659845,0.0,0.0,0.0
pss_l4__seed_20260922,L4,516,225,0.1065891472868217,0.687984496124031,0.8003875968992248,0.03111111111111111,0.5466666666666666,0.6222222222222222,0.2392631230118584,0.6967789205921745,0.84738856648969,0.42857142857142855,0.5957446808510638,1.0
pss_l4__seed_20260922,Overall,5608,1771,0.016048502139800285,0.5326319543509273,0.5770328102710414,0.004517221908526256,0.7351778656126482,0.8481084133258047,0.03197122488903479,0.46404624578610926,0.4860946328001297,0.01727447216890595,0.026743075453677174,0.06191369606003752
pss_l4__seed_20260923,L1,3654,1087,0.0,0.5290093048713739,0.5295566502463054,0.0,0.8482060717571297,0.8500459981600736,0.0,0.4431565166643007,0.4434627179034924,0.0,0.0,0.0
pss_l4__seed_20260923,L2,462,231,0.0,0.9588744588744589,0.9653679653679653,0.0,0.9393939393939394,0.9523809523809523,0.0,0.9619966047345091,0.9653679653679653,,,
pss_l4__seed_20260923,L3,976,228,0.0020491803278688526,0.43135245901639346,0.44774590163934425,0.0,0.881578947368421,0.9517543859649122,0.005687123334182157,0.4000018972272024,0.40717401778854295,0.0,0.0,0.0
pss_l4__seed_20260923,L4,516,225,0.029069767441860465,0.7751937984496124,0.7984496124031008,0.0,0.5777777777777777,0.5911111111111111,0.12345679012345678,0.8193117912999849,0.8459137512099723,0.37037037037037035,0.926829268292683,1.0
pss_l4__seed_20260923,Overall,5608,1771,0.003031383737517832,0.5700784593437945,0.5759629101283881,0.0,0.8300395256916996,0.8435911914172783,0.005555502142041396,0.48119215746052557,0.48556647033157024,0.014416146083613647,0.053697597739048517,0.06191369606003752
pss_full__seed_20260922,L1,3654,1087,0.0071154898741105635,0.5043787629994526,0.5246305418719212,0.0036798528058877645,0.7838086476540939,0.8344066237350506,0.015666102009623675,0.450618030851799,0.43998996494048476,0.0,0.0,0.0
pss_full__seed_20260922,L2,462,231,0.010822510822510822,0.9415584415584416,0.961038961038961,0.0,0.9177489177489178,0.948051948051948,0.02109704641350211,0.9518494577318106,0.961038961038961,,,
pss_full__seed_20260922,L3,976,228,0.009221311475409836,0.4334016393442623,0.45389344262295084,0.0043859649122807015,0.881578947368421,0.9605263157894737,0.025569215101476684,0.40537923614846694,0.41259928979056043,0.0,0.0,0.0
pss_full__seed_20260922,L4,516,225,0.011627906976744186,0.6492248062015504,0.8178294573643411,0.0,0.5333333333333333,0.6355555555555555,0.031252675742786194,0.5992794895736072,0.8618817054940403,0.058823529411764705,0.2857142857142857,1.0
pss_full__seed_20260922,Overall,5608,1771,0.008202567760342368,0.5413694721825963,0.5752496433666191,0.00282326369282891,0.7820440429136082,0.8402032749858837,0.016902790937506112,0.4715524165361234,0.48536425096830627,0.0019342359767891683,0.01059220028887819,0.06191369606003752
pss_full__seed_20260923,L1,3654,1087,0.0008210180623973727,0.4909688013136289,0.4975369458128079,0.0,0.7240110395584176,0.7424103035878565,0.001834862385321101,0.432562474677128,0.4285288912003371,0.0,0.0,0.0
pss_full__seed_20260923,L2,462,231,0.0,0.8051948051948052,0.961038961038961,0.0,0.670995670995671,0.9393939393939394,0.0,0.8773584905660378,0.9620697750856928,,,
pss_full__seed_20260923,L3,976,228,0.004098360655737705,0.34938524590163933,0.44774590163934425,0.0,0.5526315789473685,0.9429824561403509,0.011569216809391483,0.35077435584992434,0.40975212834912905,0.0,0.0,0.0
pss_full__seed_20260923,L4,516,225,0.0,0.6395348837209303,0.7286821705426356,0.0,0.38222222222222224,0.49777777777777776,0.0,0.759397951142632,0.8090093734835134,0.0,0.9,0.944
pss_full__seed_20260923,Overall,5608,1771,0.0012482168330955777,0.5058844507845934,0.5483238231098431,0.0,0.6516092603049125,0.7628458498023716,0.0026272075297050813,0.4552833393980649,0.47216346594019987,0.0,0.0509433962264151,0.05552941176470588
pss_full_l4_preserved__seed_20260922,L1,3654,1087,0.01778872468527641,0.23700054734537493,0.535303776683087,0.004599816007359705,0.16927322907083717,0.8693652253909844,0.03801453469191543,0.32362562699498404,0.4478107306883556,0.0,0.0,0.0
pss_full_l4_preserved__seed_20260922,L2,462,231,0.008658008658008658,0.16233766233766234,0.961038961038961,0.0,0.008658008658008658,0.948051948051948,0.017112358314075052,0.2463320248336535,0.9610382308845578,,,
pss_full_l4_preserved__seed_20260922,L3,976,228,0.0020491803278688526,0.21004098360655737,0.45286885245901637,0.0,0.14473684210526316,0.9605263157894737,0.005797101449275362,0.26352976032402414,0.41155891953753915,0.0,0.0,0.0
pss_full_l4_preserved__seed_20260922,L4,516,225,0.009689922480620155,0.7790697674418605,0.8236434108527132,0.0,0.6311111111111111,0.6844444444444444,0.03485922237119326,0.8421327735854467,0.8657757980697847,0.08695652173913043,0.9767441860465116,1.0
pss_full_l4_preserved__seed_20260922,Overall,5608,1771,0.01355206847360913,0.2760342368045649,0.5825606276747504,0.00282326369282891,0.20383963862224733,0.867871259175607,0.02760476852878209,0.35147194798781506,0.4907233579870627,0.0028999516674722086,0.05918271488961954,0.06191369606003752
pss_full_l4_preserved__seed_20260923,L1,3654,1087,0.0,0.42419266557197594,0.5358511220580187,0.0,0.6108555657773689,0.8610855565777369,0.0,0.41421891947351447,0.4479386526961154,0.0,0.0,0.0
pss_full_l4_preserved__seed_20260923,L2,462,231,0.0,0.6991341991341992,0.9696969696969697,0.0,0.5497835497835498,0.9653679653679653,0.0,0.8098284981567558,0.9696969696969697,,,
pss_full_l4_preserved__seed_20260923,L3,976,228,0.0,0.17418032786885246,0.45184426229508196,0.0,0.2324561403508772,0.956140350877193,0.0,0.25070463309474206,0.4106082567476969,0.0,0.0,0.0
pss_full_l4_preserved__seed_20260923,L4,516,225,0.05232558139534884,0.23255813953488372,0.8178294573643411,0.0044444444444444444,0.05333333333333334,0.6355555555555555,0.07092370871652497,0.2438956374966733,0.8606719367588932,0.0,0.029850746268656716,1.0
pss_full_l4_preserved__seed_20260923,Overall,5608,1771,0.004814550641940085,0.3856990014265335,0.5829172610556348,0.000564652738565782,0.48334274421230944,0.8582721626199887,0.009995164640241718,0.39451267536265106,0.49076797551445434,0.0,0.0009675858732462506,0.06191369606003752
